Note,titre,texte_positif,texte_negatif,full_review,cleanliness_label,comfort_label,location_label,proprete,comfort,location
8,Super emplacement.,L‚Äôaccueil : les personnes sont tr√®s gentilles,Les prix augmentent un peu J ai l impression.,Super emplacement. . L‚Äôaccueil : les personnes sont tr√®s gentilles . Les prix augmentent un peu J ai l impression.,not_mentioned,positive,positive,0,1,1
8,Tr√®s bien,Oui,Le matelas trop mou en cours de changement,Tr√®s bien . Oui . Le matelas trop mou en cours de changement,not_mentioned,negative,not_mentioned,0,-1,0
8,globalement satisfaisant,Proximit√© avec l'hyper centre parisien,"salle de bain un peu v√©tuste, n√©cessiterait un rafraichissement_x000D_
manque de prise √©lectrique dans la chambre (1 seule !!)","globalement satisfaisant . Proximit√© avec l'hyper centre parisien . salle de bain un peu v√©tuste, n√©cessiterait un rafraichissement_x000D_
manque de prise √©lectrique dans la chambre (1 seule !!)",not_mentioned,negative,positive,0,-1,1
8,Cool on reviendra,Quartier sympa,√âtroitesse de l ascenseur,Cool on reviendra . Quartier sympa . √âtroitesse de l ascenseur,not_mentioned,negative,positive,0,-1,1
9,"Tr√®s bon s√©jour, personnel hyper accueillant ‚ò∫Ô∏è","Le petit d√©jeuner √©tait fabuleux, dans le b√¢timent d'√† c√¥t√© avec un personnel au top üëçüèª",Rien,"Tr√®s bon s√©jour, personnel hyper accueillant ‚ò∫Ô∏è . Le petit d√©jeuner √©tait fabuleux, dans le b√¢timent d'√† c√¥t√© avec un personnel au top üëçüèª . Rien",not_mentioned,positive,not_mentioned,0,1,0
8,Bien plac√© dans une ville bruyante (Paris),"Situ√© √† 2 pas du parking que j'avais r√©serv√© de 11 heure √† 14h le lendemain c'est bien pratique._x000D_
Et le plus c'est le petit d√©j inclus dans le Coffee Shop juste √† c√¥t√© üëç",Pas de t√©l√© et impossible de r√©gler donc pas d'informations t√©l√©visuelle possible.,"Bien plac√© dans une ville bruyante (Paris) . Situ√© √† 2 pas du parking que j'avais r√©serv√© de 11 heure √† 14h le lendemain c'est bien pratique._x000D_
Et le plus c'est le petit d√©j inclus dans le Coffee Shop juste √† c√¥t√© üëç . Pas de t√©l√© et impossible de r√©gler donc pas d'informations t√©l√©visuelle possible.",not_mentioned,negative,positive,0,-1,1
8,Bon emplacement pour visiter Paris,"Proche de la rue de Rivoli, du Louvre etc_x000D_
Nous avons pu laisser notre sac, comme il n'√©tait pas encore l'heure de r√©cup√©rer notre chambre_x000D_
Bon petit d√©jeuner",Rien,"Bon emplacement pour visiter Paris . Proche de la rue de Rivoli, du Louvre etc_x000D_
Nous avons pu laisser notre sac, comme il n'√©tait pas encore l'heure de r√©cup√©rer notre chambre_x000D_
Bon petit d√©jeuner . Rien",not_mentioned,positive,positive,0,1,1
9,"Tr√®s bien, je recommande!",Tr√®s bien situ√© au coeur de Paris avec station de m√©tro en bas de l'h√¥tel et beaucoup de choses accessibles √† pied. Lits confortables. Petit d√©jeuner tr√®s correct pour le prix. Je recommande et reviendrai sans probl√®me.,"Salle de bain un peu exig√ºe. Pas de clim, mais ventilateur disponible","Tr√®s bien, je recommande! . Tr√®s bien situ√© au coeur de Paris avec station de m√©tro en bas de l'h√¥tel et beaucoup de choses accessibles √† pied. Lits confortables. Petit d√©jeuner tr√®s correct pour le prix. Je recommande et reviendrai sans probl√®me. . Salle de bain un peu exig√ºe. Pas de clim, mais ventilateur disponible",positive,positive,positive,1,1,1
8,"Nous avons passez un agr√©able s√©jour, il y a qq 1 24/24 .","Il se situe √† proximit√© de tous les monuments du vieux paris et du metro_x000D_
Personnel bienveillant",Les communs sont vieux mais propre,"Nous avons passez un agr√©able s√©jour, il y a qq 1 24/24 . . Il se situe √† proximit√© de tous les monuments du vieux paris et du metro_x000D_
Personnel bienveillant . Les communs sont vieux mais propre",positive,not_mentioned,positive,1,0,1
9,Fabuleux,"Tr√®s bon emplacement, bon accueil et chambre agr√©able",ras,"Fabuleux . Tr√®s bon emplacement, bon accueil et chambre agr√©able . ras",positive,positive,positive,1,1,1
7,l‚Äôemplacement compense certaines choses,L‚Äôemplacement id√©al et un Franprix disposant de service restauration rapide juste √† c√¥t√© de l‚Äôh√¥tel,"Le petit d√©jeuner sous trait√© a un √©tablissement √† c√¥t√© de l‚Äôh√¥tel, petit d√©jeuner de qualit√© tr√®s moyenne","l‚Äôemplacement compense certaines choses . L‚Äôemplacement id√©al et un Franprix disposant de service restauration rapide juste √† c√¥t√© de l‚Äôh√¥tel . Le petit d√©jeuner sous trait√© a un √©tablissement √† c√¥t√© de l‚Äôh√¥tel, petit d√©jeuner de qualit√© tr√®s moyenne",not_mentioned,positive,positive,0,1,1
8,L‚Äôemplacement de l‚Äôh√¥tel est vraiment le point fort ! De plus √† 20 m d‚Äôune station de m√©tro avec de nombreuses possibili,Son emplacement !!! Excellent,√âtablissement ancien donc un peu vieillot,L‚Äôemplacement de l‚Äôh√¥tel est vraiment le point fort ! De plus √† 20 m d‚Äôune station de m√©tro avec de nombreuses possibili . Son emplacement !!! Excellent . √âtablissement ancien donc un peu vieillot,not_mentioned,positive,positive,0,1,1
7,Bon rapport qualit√© prix,Tr√®s bien plac√© sur le m√©tro ligne 1 Chatelet  et tous les bus possibles,Am√©liorer dans la salle de bains un porte serviette,Bon rapport qualit√© prix . Tr√®s bien plac√© sur le m√©tro ligne 1 Chatelet  et tous les bus possibles . Am√©liorer dans la salle de bains un porte serviette,not_mentioned,positive,positive,0,1,1
7,S√©jour agr√©able,La localisation √©tait ideale,la localisation de la tv dans la chambre.,S√©jour agr√©able . La localisation √©tait ideale . la localisation de la tv dans la chambre.,not_mentioned,positive,positive,0,1,1
8,Tr√®s bien,"Bien situ√© pr√®s d'une station de m√©tro, pr√®s de la rue Rivoli.","Lit peu confortable, h√¥tel un peu vieillot.","Tr√®s bien . Bien situ√© pr√®s d'une station de m√©tro, pr√®s de la rue Rivoli. . Lit peu confortable, h√¥tel un peu vieillot.",not_mentioned,negative,positive,0,-1,1
8,Tr√®s bien,"Un petit h√¥tel sympathique,  bien plac√©",L' accueil,"Tr√®s bien . Un petit h√¥tel sympathique,  bien plac√© . L' accueil",not_mentioned,not_mentioned,positive,0,0,1
8,Tr√®s bien,"hotel tr√®s bien situ√© pour qui veut visiter Paris - Personnel disponible et aimable- Chambre sans pr√©tention mais tout √† fait suffisante. M√©tro √† 2 pas , bus aussi que je conseille , pratique, moins cher que le m√©tro et au moins on voit Paris.",Rien,"Tr√®s bien . hotel tr√®s bien situ√© pour qui veut visiter Paris - Personnel disponible et aimable- Chambre sans pr√©tention mais tout √† fait suffisante. M√©tro √† 2 pas , bus aussi que je conseille , pratique, moins cher que le m√©tro et au moins on voit Paris. . Rien",positive,not_mentioned,positive,1,0,1
6,Mitig√©e,"- L‚Äôemplacement _x000D_
- Station de m√©tro au pied de l‚Äôh√¥tel _x000D_
- Le personnel √©tait agr√©able _x000D_
- Bon rapport qualit√© prix","- Nous avons d√ª changer de chambre la fen√™tre ne fermait pas_x000D_
- La literie √©tait mauvaise et la couette aussi fine que du papier √† cigarette _x000D_
- La d√©coration et les meubles sont v√©tustes_x000D_
- La chambre donne l‚Äôair d‚Äô√™tre faite de bric et de broc (ex : manque des morceaux de moquettes, fissures aux murs, papier peint qui se d√©colle, etc)_x000D_
- L‚Äôhygi√®ne est sommaire (il ne faut pas √™tre trop regardant dans les d√©tails) _x000D_
- Mauvaise isolation int√©rieure et ext√©rieure","Mitig√©e . - L‚Äôemplacement _x000D_
- Station de m√©tro au pied de l‚Äôh√¥tel _x000D_
- Le personnel √©tait agr√©able _x000D_
- Bon rapport qualit√© prix . - Nous avons d√ª changer de chambre la fen√™tre ne fermait pas_x000D_
- La literie √©tait mauvaise et la couette aussi fine que du papier √† cigarette _x000D_
- La d√©coration et les meubles sont v√©tustes_x000D_
- La chambre donne l‚Äôair d‚Äô√™tre faite de bric et de broc (ex : manque des morceaux de moquettes, fissures aux murs, papier peint qui se d√©colle, etc)_x000D_
- L‚Äôhygi√®ne est sommaire (il ne faut pas √™tre trop regardant dans les d√©tails) _x000D_
- Mauvaise isolation int√©rieure et ext√©rieure",negative,negative,positive,-1,-1,1
7,Tr√®s correct,L‚Äôemplacement est tr√®s bien. Le personnel agr√©able. La chambre petite mais globalement confortable. L‚Äôh√¥tel n‚Äôest pas tr√®s bruyant pour un centre ville.,"Les 12‚Ç¨ de petit dej pour un caf√©, un croissant et un vers de jus d‚Äôorange premier prix.","Tr√®s correct . L‚Äôemplacement est tr√®s bien. Le personnel agr√©able. La chambre petite mais globalement confortable. L‚Äôh√¥tel n‚Äôest pas tr√®s bruyant pour un centre ville. . Les 12‚Ç¨ de petit dej pour un caf√©, un croissant et un vers de jus d‚Äôorange premier prix.",not_mentioned,positive,positive,0,1,1
7,Chambre d'h√¥tel classique,"Simple et efficace, rien de particulier_x000D_
Fait le taff","Pas de personnel √† mon arriv√©e, 10 min d'attente dans le hall_x000D_
Rue tr√®s bruyante_x000D_
Le petit d√©jeuner serait √† am√©liorer : pas le choix dans le th√©, salade de fruits en bo√Æte, un morceau de baguette trop petit √† mon go√ªt","Chambre d'h√¥tel classique . Simple et efficace, rien de particulier_x000D_
Fait le taff . Pas de personnel √† mon arriv√©e, 10 min d'attente dans le hall_x000D_
Rue tr√®s bruyante_x000D_
Le petit d√©jeuner serait √† am√©liorer : pas le choix dans le th√©, salade de fruits en bo√Æte, un morceau de baguette trop petit √† mon go√ªt",not_mentioned,positive,negative,0,1,-1
8,Tr√®s bien,L'accueil et l'emplacement,Salle de bain petite et toilette probl√®me d'√©vacuation,Tr√®s bien . L'accueil et l'emplacement . Salle de bain petite et toilette probl√®me d'√©vacuation,not_mentioned,negative,positive,0,-1,1
9,Fabuleux,"Petite chambre sympathique. Mais MON point important est que c'est propre dans la chambre et surtout dans la petite salle de bain. M√©tro tout pr√™t (2min). J'√©tais au 4eme, et je nai pas constat√© de nuisances avec l'ext√©rieur.  Bon rapport qualit√© prix.",Pas de point n√©gatif pour ma part.,"Fabuleux . Petite chambre sympathique. Mais MON point important est que c'est propre dans la chambre et surtout dans la petite salle de bain. M√©tro tout pr√™t (2min). J'√©tais au 4eme, et je nai pas constat√© de nuisances avec l'ext√©rieur.  Bon rapport qualit√© prix. . Pas de point n√©gatif pour ma part.",positive,not_mentioned,positive,1,0,1
8,Tr√®s bien,l emplacement,"le petit dejeuner tres moyen, les fruits au sirop etait passe ,le pain pas cuit!","Tr√®s bien . l emplacement . le petit dejeuner tres moyen, les fruits au sirop etait passe ,le pain pas cuit!",not_mentioned,negative,positive,0,-1,1
6,avis flor,Emplacement,taille salle de bain/ wc,avis flor . Emplacement . taille salle de bain/ wc,not_mentioned,not_mentioned,positive,0,0,1
8,Tr√®s bien,"Emplacement extra pour aller au th√©√¢tre ! A cinq minutes √† pied, et dans un quartier anim√©, √† deux pas de restaurants divers bon march√©.","Une fen√™tre ne fermait pas et impossible de nous changer de chambre car l'h√¥tel √©tait complet. Cependant, le personnel a fait tout son possible pour la bloquer, et la nuit s'est bien d√©roul√©e. _x000D_
Chambre propre, petite mais suffisante pour une nuit sur place. Salle de bain √† rafra√Æchir, produits minimalistes._x000D_
Insonorisation √† revoir...","Tr√®s bien . Emplacement extra pour aller au th√©√¢tre ! A cinq minutes √† pied, et dans un quartier anim√©, √† deux pas de restaurants divers bon march√©. . Une fen√™tre ne fermait pas et impossible de nous changer de chambre car l'h√¥tel √©tait complet. Cependant, le personnel a fait tout son possible pour la bloquer, et la nuit s'est bien d√©roul√©e. _x000D_
Chambre propre, petite mais suffisante pour une nuit sur place. Salle de bain √† rafra√Æchir, produits minimalistes._x000D_
Insonorisation √† revoir...",positive,not_mentioned,positive,1,0,1
7,Un bon endroit pour profiter de Paris le soir apr√®s le boulot la journ√©e.,"L'emplacement, le charme de ce petit h√¥tel, l'accueil",Le nuisance sonore la nuit,"Un bon endroit pour profiter de Paris le soir apr√®s le boulot la journ√©e. . L'emplacement, le charme de ce petit h√¥tel, l'accueil . Le nuisance sonore la nuit",not_mentioned,not_mentioned,positive,0,0,1
7,"pratique pour un passage √† Paris, du personnel tr√®s gentil,",L'emplacement √† la sortie de la station chatelet et la grande gentillesse du r√©ceptionniste et du gardien de nuit,"le bruit dans la rue jusqu'√† tr√®s tard le soir malgr√© les fen√™tres ferm√©es,","pratique pour un passage √† Paris, du personnel tr√®s gentil, . L'emplacement √† la sortie de la station chatelet et la grande gentillesse du r√©ceptionniste et du gardien de nuit . le bruit dans la rue jusqu'√† tr√®s tard le soir malgr√© les fen√™tres ferm√©es,",not_mentioned,not_mentioned,positive,0,0,1
7,Bien,"L'accueil et le sourire, le service, la situation.",Les √©quipements obsol√®tes et la salet√© par endroit,"Bien . L'accueil et le sourire, le service, la situation. . Les √©quipements obsol√®tes et la salet√© par endroit",negative,negative,not_mentioned,-1,-1,0
9,Tr√®s bien situ√©e tr√®s bon service,Accueil chaleureux service impecable,Rien,Tr√®s bien situ√©e tr√®s bon service . Accueil chaleureux service impecable . Rien,not_mentioned,positive,positive,0,1,1
8,Tr√®s bien,"Emplacement _x000D_
Bon petit d√©jeuner √† un prix correct ._x000D_
Sortie du m√©tro rn face de l'entr√©e. _x000D_
Chambre petite mais bon pour une ou 2 nuits cela convient",Rien.,"Tr√®s bien . Emplacement _x000D_
Bon petit d√©jeuner √† un prix correct ._x000D_
Sortie du m√©tro rn face de l'entr√©e. _x000D_
Chambre petite mais bon pour une ou 2 nuits cela convient . Rien.",not_mentioned,positive,positive,0,1,1
6,Agr√©able,Emplacement,Salle de bain trop petite,Agr√©able . Emplacement . Salle de bain trop petite,not_mentioned,not_mentioned,positive,0,0,1
8,Parfait pour quelques nuits,"Personnel aimable, serviable et souriant_x000D_
L'emplacement est id√©alement situ√© proche de la gare et a l'entr√©e de la station de m√©tro _x000D_
La chambre √©tait nickel et bien agenc√©e","Tr√®s mauvaise isolation du bruit jusqu'√† 3h du matin la premi√®re nuit. J'avais l'impression d'√™tre dehors c'est le seul point n√©gatif et c'est relativement dommage _x000D_
Attention l'ascenseur est tr√®s petit √©galement","Parfait pour quelques nuits . Personnel aimable, serviable et souriant_x000D_
L'emplacement est id√©alement situ√© proche de la gare et a l'entr√©e de la station de m√©tro _x000D_
La chambre √©tait nickel et bien agenc√©e . Tr√®s mauvaise isolation du bruit jusqu'√† 3h du matin la premi√®re nuit. J'avais l'impression d'√™tre dehors c'est le seul point n√©gatif et c'est relativement dommage _x000D_
Attention l'ascenseur est tr√®s petit √©galement",positive,positive,positive,1,1,1
8,"Bien, pas d√©ception. Tr√®s bon rapport qualit√© prix","Emplacement, propret√©, calme",Position de la T√©l√©vision face au lit,"Bien, pas d√©ception. Tr√®s bon rapport qualit√© prix . Emplacement, propret√©, calme . Position de la T√©l√©vision face au lit",positive,not_mentioned,positive,1,0,1
8,Tr√®s bien,Proximit√© du centre,Salle de bain trop petite,Tr√®s bien . Proximit√© du centre . Salle de bain trop petite,not_mentioned,not_mentioned,positive,0,0,1
6,"Correct, mais surprise par la petitesse de le chambre mansard√©e et extr√™mement petite...","La d√©coration de la chambre √©tait jolie et agr√©able. La chambre √©tait propre et assez calme malgr√© les travaux dans la rue. Les chambres voisines en revanche, n'ont pas d'isolation phonique... Si un autre occupant circule √† l'√©tage, on ne peut pas manquer ses d√©placements.","Chambre et lit tr√®s petit. Je ne m'attendais pas √† ce qu'il n'y ait pas de porte pour s√©parer l'espace WC et Douche du reste de la chambre. Aucun espace pour circuler autour du lit, ni poser ses bagages.","Correct, mais surprise par la petitesse de le chambre mansard√©e et extr√™mement petite... . La d√©coration de la chambre √©tait jolie et agr√©able. La chambre √©tait propre et assez calme malgr√© les travaux dans la rue. Les chambres voisines en revanche, n'ont pas d'isolation phonique... Si un autre occupant circule √† l'√©tage, on ne peut pas manquer ses d√©placements. . Chambre et lit tr√®s petit. Je ne m'attendais pas √† ce qu'il n'y ait pas de porte pour s√©parer l'espace WC et Douche du reste de la chambre. Aucun espace pour circuler autour du lit, ni poser ses bagages.",positive,negative,not_mentioned,1,-1,0
7,Emplacement id√©al.,L'emplacement est exceptionnel : tout peut se faire √† pied. Le m√©tro est tr√®s proche. Le quartier est anim√© et la chambre est calme. Parfait pour un court s√©jour.,"Tout est petit dans cet hotel : l'escalier, l'asceseur, le couloir, la chambre, les lits, la penderie...","Emplacement id√©al. . L'emplacement est exceptionnel : tout peut se faire √† pied. Le m√©tro est tr√®s proche. Le quartier est anim√© et la chambre est calme. Parfait pour un court s√©jour. . Tout est petit dans cet hotel : l'escalier, l'asceseur, le couloir, la chambre, les lits, la penderie...",positive,negative,positive,1,-1,1
9,Fabuleux,"Tr√®s bon accueil, tr√®s emplacement","Peut d√©jeuner dans le restaurant √† c√¥t√©  est tr√©s bon mais un peu juste  en quantit√© : un croi, un morceau de baguette","Fabuleux . Tr√®s bon accueil, tr√®s emplacement . Peut d√©jeuner dans le restaurant √† c√¥t√©  est tr√©s bon mais un peu juste  en quantit√© : un croi, un morceau de baguette",positive,not_mentioned,positive,1,0,1
8,"H√¥tel propre, bon emplacement super personnel",Chambre r√©nov√©e,Manque un double vitrage mais c‚Äôest Paris et pas la campagne donc c‚Äôest normal :),"H√¥tel propre, bon emplacement super personnel . Chambre r√©nov√©e . Manque un double vitrage mais c‚Äôest Paris et pas la campagne donc c‚Äôest normal :)",positive,not_mentioned,positive,1,0,1
7,Bien,"Chambre fonctionnelle. _x000D_
Plein centre de Paris et tr√®s proche du m√©tro.",Un peu bruyant c√¥t√© rue.,"Bien . Chambre fonctionnelle. _x000D_
Plein centre de Paris et tr√®s proche du m√©tro. . Un peu bruyant c√¥t√© rue.",not_mentioned,positive,positive,0,1,1
8,Un h√¥tel accueillant et id√©alement plac√© dans Paris,Emplacement id√©al dans Paris avec notamment la proximit√© des transports en commun (20m de l‚Äôentr√©e de la station Ch√¢telet). Accueil sympathique et disponibilit√© des personnes de l‚Äôh√¥tel que j‚Äôai rencontr√©.,ras,Un h√¥tel accueillant et id√©alement plac√© dans Paris . Emplacement id√©al dans Paris avec notamment la proximit√© des transports en commun (20m de l‚Äôentr√©e de la station Ch√¢telet). Accueil sympathique et disponibilit√© des personnes de l‚Äôh√¥tel que j‚Äôai rencontr√©. . ras,not_mentioned,positive,positive,0,1,1
9,Situation exceptionnelle,Situation exceptionnelle,Chambre assez petite mais ce n'est pas vraiment un probl√®me pour moi,Situation exceptionnelle . Situation exceptionnelle . Chambre assez petite mais ce n'est pas vraiment un probl√®me pour moi,not_mentioned,not_mentioned,not_mentioned,0,0,0
8,Le personnel est vraiment super et tr√®s serviable. Cela fait vraiment plaisir !,L‚Äôemplacement est vraiment parfait üëç,La salle de bains est vraiment tr√®s petite,Le personnel est vraiment super et tr√®s serviable. Cela fait vraiment plaisir ! . L‚Äôemplacement est vraiment parfait üëç . La salle de bains est vraiment tr√®s petite,not_mentioned,not_mentioned,positive,0,0,1
7,Satisfaisant pour un court s√©jour,"H√¥tel tr√®s bien situ√© √† proximit√© de chatelet._x000D_
Check in et check out tr√®s rapide._x000D_
Literie assez confortable.","L'absence de climatisation, il sera difficile de dormir en plein √©t√©. _x000D_
Insonorisation avec les chambres et la rue mais au final c'√©tait calme.","Satisfaisant pour un court s√©jour . H√¥tel tr√®s bien situ√© √† proximit√© de chatelet._x000D_
Check in et check out tr√®s rapide._x000D_
Literie assez confortable. . L'absence de climatisation, il sera difficile de dormir en plein √©t√©. _x000D_
Insonorisation avec les chambres et la rue mais au final c'√©tait calme.",positive,not_mentioned,positive,1,0,1
7,Bien,Tr√®s bien plac√© pile en face du m√©tro ch√¢telet,Mauvaise isolation phonique,Bien . Tr√®s bien plac√© pile en face du m√©tro ch√¢telet . Mauvaise isolation phonique,not_mentioned,not_mentioned,positive,0,0,1
7,Bien,"Rapport qualit√© prix compte tenu de la situation g√©ographique ! Et nuit√©e calme, malgr√© la zone de fr√©quentation (bonne insonorisation).","Salle de bain vieillotte et tr√®s petite, mais bon... pour une nuit√©e... l'accessibilit√© du prix au regard de la situation vaut le coup.","Bien . Rapport qualit√© prix compte tenu de la situation g√©ographique ! Et nuit√©e calme, malgr√© la zone de fr√©quentation (bonne insonorisation). . Salle de bain vieillotte et tr√®s petite, mais bon... pour une nuit√©e... l'accessibilit√© du prix au regard de la situation vaut le coup.",not_mentioned,positive,positive,0,1,1
6,s√©jour agr√©able avec un bon rapport qualit√©/prix g√¢ch√© par la rue tr√®s bruyante la nuit,"proximit√© de la Rue de Rivoli et des halles _x000D_
accueil tr√®s gentil _x000D_
appel d‚Äôun taxi au moment du d√©part _x000D_
salle de bain propre","pas de climatisation ( ils faisait 29 degr√©s)_x000D_
tr√®s tr√®s bruyant la nuit c√¥t√© rue avec des sdf, des f√™tards‚Ä¶(ja journ√©e, c‚Äôest juste une ruelle de passage )_x000D_
vieille moquette violette dans les couloirs","s√©jour agr√©able avec un bon rapport qualit√©/prix g√¢ch√© par la rue tr√®s bruyante la nuit . proximit√© de la Rue de Rivoli et des halles _x000D_
accueil tr√®s gentil _x000D_
appel d‚Äôun taxi au moment du d√©part _x000D_
salle de bain propre . pas de climatisation ( ils faisait 29 degr√©s)_x000D_
tr√®s tr√®s bruyant la nuit c√¥t√© rue avec des sdf, des f√™tards‚Ä¶(ja journ√©e, c‚Äôest juste une ruelle de passage )_x000D_
vieille moquette violette dans les couloirs",positive,negative,not_mentioned,1,-1,0
6,Agr√©able,"Amabilit√© du personnel_x000D_
Situation, proximit√© du Metro","Escalier tr√®s √©troit, dangereux lorsque l'on porte les valises._x000D_
Ascenseur en mauvais √©tat.","Agr√©able . Amabilit√© du personnel_x000D_
Situation, proximit√© du Metro . Escalier tr√®s √©troit, dangereux lorsque l'on porte les valises._x000D_
Ascenseur en mauvais √©tat.",not_mentioned,negative,positive,0,-1,1
7,Bien,"Proche m√©tro._x000D_
Rue assez calme","Escaliers √©troits._x000D_
Pas de frigo pour boisson.","Bien . Proche m√©tro._x000D_
Rue assez calme . Escaliers √©troits._x000D_
Pas de frigo pour boisson.",not_mentioned,negative,positive,0,-1,1
7,bon s√©jour mais trop de nuisance sonore. c‚Äôest dommage,"l‚Äôemplacement, le personnel.","trop bruyant du √† l‚Äôemplacement ,musique qui r√©sonne d‚Äôun √©tablissement coll√© √† l‚Äôh√¥tel.","bon s√©jour mais trop de nuisance sonore. c‚Äôest dommage . l‚Äôemplacement, le personnel. . trop bruyant du √† l‚Äôemplacement ,musique qui r√©sonne d‚Äôun √©tablissement coll√© √† l‚Äôh√¥tel.",not_mentioned,positive,negative,0,1,-1
8,H√¥tel qui a r√©pondu √† toutes mes attentes.,"Emplacement id√©al, plus un personnel tr√®s agr√©able et disponible.",ras,"H√¥tel qui a r√©pondu √† toutes mes attentes. . Emplacement id√©al, plus un personnel tr√®s agr√©able et disponible. . ras",not_mentioned,positive,positive,0,1,1
7,Bien,Literie confortable. Sortie m√©tro en bas de l h√¥tel. Personnel tr√®s accueillant,Salle de bain m√©ritant un coup de neuf,Bien . Literie confortable. Sortie m√©tro en bas de l h√¥tel. Personnel tr√®s accueillant . Salle de bain m√©ritant un coup de neuf,positive,positive,positive,1,1,1
7,Bien,La situation de l h√¥tel dans paris,Salle d eau tr√®s petite et tr√®s ancien,Bien . La situation de l h√¥tel dans paris . Salle d eau tr√®s petite et tr√®s ancien,not_mentioned,negative,positive,0,-1,1
7,Bien,bien situ√©,manque la possibilit√© de d√©jeuner,Bien . bien situ√© . manque la possibilit√© de d√©jeuner,not_mentioned,not_mentioned,positive,0,0,1
8,Tr√®s bien,"la gentillesse et la disponibilit√© du personnel._x000D_
l'emplacement","La petitesse et l'√©troitesse de la chambre._x000D_
Le matelas tr√®s mou, provoquant des maux de dos.","Tr√®s bien . la gentillesse et la disponibilit√© du personnel._x000D_
l'emplacement . La petitesse et l'√©troitesse de la chambre._x000D_
Le matelas tr√®s mou, provoquant des maux de dos.",not_mentioned,negative,positive,0,-1,1
9,tr√®s bon s√©jour,accueil sympathique . propret√©. situation. tr√®s calme,pas de wifi,tr√®s bon s√©jour . accueil sympathique . propret√©. situation. tr√®s calme . pas de wifi,positive,not_mentioned,positive,1,0,1
9,Tr√®s bon rapport qualit√© prix id√©alement situ√©,Un tr√®s bon s√©jour. H√¥tel tr√®s correct et id√©alement situ√©. Excellent rapport qualit√© prix.,Peut √™tre un acc√®s wifi accessible?,Tr√®s bon rapport qualit√© prix id√©alement situ√© . Un tr√®s bon s√©jour. H√¥tel tr√®s correct et id√©alement situ√©. Excellent rapport qualit√© prix. . Peut √™tre un acc√®s wifi accessible?,positive,not_mentioned,positive,1,0,1
3,a √©viter,Emplacement et c'est tout,Le lit √©tait souill√© et traces probables de punaises de lit,a √©viter . Emplacement et c'est tout . Le lit √©tait souill√© et traces probables de punaises de lit,negative,not_mentioned,positive,-1,0,1
4,D√©cevant,"La situation _x000D_
La chambre √©tait tr√®s propre","Chambre tr√®s petite , une seule prise de courant √† droite du lit , aucune dans la salle de bain . Filet d eau au robinet , la chambre est tr√®s ab√Æm√©e . Le petit d√©jeuner n est vraiment pas qualitatif , quelle image donne t on de la cuisine fran√ßaise ?_x000D_
Le rapport qualit√© / prix n est pas bon .","D√©cevant . La situation _x000D_
La chambre √©tait tr√®s propre . Chambre tr√®s petite , une seule prise de courant √† droite du lit , aucune dans la salle de bain . Filet d eau au robinet , la chambre est tr√®s ab√Æm√©e . Le petit d√©jeuner n est vraiment pas qualitatif , quelle image donne t on de la cuisine fran√ßaise ?_x000D_
Le rapport qualit√© / prix n est pas bon .",positive,negative,not_mentioned,1,-1,0
5,Plus que moyen,La localisation de l h√¥tel. Proche de tout . Beaucoup de restaurants √† proximit√©,La chambre √† vraiment besoin d un rafra√Æchissement. Petite salade de bain q une autre √©poque....moisissure peinture √©caill√©e.  Bref √† 126e la nuit sans petit d√©jeuner le rapport qualit√© prix n est pas du tout au rdv,Plus que moyen . La localisation de l h√¥tel. Proche de tout . Beaucoup de restaurants √† proximit√© . La chambre √† vraiment besoin d un rafra√Æchissement. Petite salade de bain q une autre √©poque....moisissure peinture √©caill√©e.  Bref √† 126e la nuit sans petit d√©jeuner le rapport qualit√© prix n est pas du tout au rdv,negative,not_mentioned,positive,-1,0,1
5,Ne vaut pas le prix,L‚Äôemplacement,Pas de prise de courant en t√™te de lit. Panne d‚Äô√©lectricit√© dans la salle de bain. Pas de papier toilette en arrivant . Petit d√©jeuner dans un restaurant √† c√¥t√© de l‚Äôh√¥tel au minimum,Ne vaut pas le prix . L‚Äôemplacement . Pas de prise de courant en t√™te de lit. Panne d‚Äô√©lectricit√© dans la salle de bain. Pas de papier toilette en arrivant . Petit d√©jeuner dans un restaurant √† c√¥t√© de l‚Äôh√¥tel au minimum,negative,negative,not_mentioned,-1,-1,0
4,D√©cevant,L‚Äôemplacement.,H√¥tel sale et miteux avec chambre d√©fra√Æchie non insonoris√©e. Il faut n√©gocier pour avoir un petit d√©jeuner avant 8h.,D√©cevant . L‚Äôemplacement. . H√¥tel sale et miteux avec chambre d√©fra√Æchie non insonoris√©e. Il faut n√©gocier pour avoir un petit d√©jeuner avant 8h.,negative,negative,not_mentioned,-1,-1,0
4,D√©cevant,Emplacement,Emplacement Tr√®s bruyant,D√©cevant . Emplacement . Emplacement Tr√®s bruyant,not_mentioned,not_mentioned,negative,0,0,-1
1,"d√©ception, qui n'a √©t√© compens√©e que par la situation de l'h√¥tel",le seul plus c'est que l'h√¥tel est situ√© en centre ville,"Chambre tr√®s sale. Il y a beaucoup de moisissure pr√®s du lit et des fen√™tres. tr√®s sale, m√™me dangereux pour la sant√©. Le r√©ceptionniste n'est pas poli. mais l'homme qui travaillait √† la r√©ception √©tait plus agr√©able","d√©ception, qui n'a √©t√© compens√©e que par la situation de l'h√¥tel . le seul plus c'est que l'h√¥tel est situ√© en centre ville . Chambre tr√®s sale. Il y a beaucoup de moisissure pr√®s du lit et des fen√™tres. tr√®s sale, m√™me dangereux pour la sant√©. Le r√©ceptionniste n'est pas poli. mais l'homme qui travaillait √† la r√©ception √©tait plus agr√©able",negative,not_mentioned,positive,-1,0,1
5,Passable,L'emplacement,"La chambre √©tait assez grande mais tellement moche. Elle manquait de charme. Il y avait peu de prises et peu de lumi√®re. Il faisait froid._x000D_
La salle de bain tr√®s propre √©tait extr√™mement petite.","Passable . L'emplacement . La chambre √©tait assez grande mais tellement moche. Elle manquait de charme. Il y avait peu de prises et peu de lumi√®re. Il faisait froid._x000D_
La salle de bain tr√®s propre √©tait extr√™mement petite.",positive,negative,not_mentioned,1,-1,0
4,D√©cevant,La literie et l'emplacement,"La souris dans la chambre,  la salet√© et le lieu du petit d√©jeuner,  et la quantit√© du petit d√©jeuner.","D√©cevant . La literie et l'emplacement . La souris dans la chambre,  la salet√© et le lieu du petit d√©jeuner,  et la quantit√© du petit d√©jeuner.",negative,not_mentioned,not_mentioned,-1,0,0
5,Passable,emplacement excellent,"h√¥tel v√©tuste, accueil minimaliste","Passable . emplacement excellent . h√¥tel v√©tuste, accueil minimaliste",not_mentioned,negative,positive,0,-1,1
10,Exceptionnel,"Personnel tr√®s aimable et disponible._x000D_
Emplacement tr√®s pratique._x000D_
Chambre avec lit confortable et bien chauff√©e.",ras,"Exceptionnel . Personnel tr√®s aimable et disponible._x000D_
Emplacement tr√®s pratique._x000D_
Chambre avec lit confortable et bien chauff√©e. . ras",not_mentioned,positive,positive,0,1,1
10,S√©jour parfait üëç,Vraiment j'ai tout appr√©ci√© ! H√¥tel sobre mais tr√®s bien plac√© et personnel extr√™mement gentil !,Rien,S√©jour parfait üëç . Vraiment j'ai tout appr√©ci√© ! H√¥tel sobre mais tr√®s bien plac√© et personnel extr√™mement gentil ! . Rien,positive,not_mentioned,positive,1,0,1
5,Vraiment pas terrible,"L'emplacement, cet h√¥tel doit √™tre r√©habilit√©","bruit dans la rue, propret√© et d√©labrement chambre, cage d'escalier...","Vraiment pas terrible . L'emplacement, cet h√¥tel doit √™tre r√©habilit√© . bruit dans la rue, propret√© et d√©labrement chambre, cage d'escalier...",negative,negative,not_mentioned,-1,-1,0
4,tr√®s moyen,Emplacement,"douche trop-√©troite_x000D_
petit d√©jeuner continental uniquement sucr√©_x000D_
les poils et cheveux dans la salle de douche","tr√®s moyen . Emplacement . douche trop-√©troite_x000D_
petit d√©jeuner continental uniquement sucr√©_x000D_
les poils et cheveux dans la salle de douche",negative,not_mentioned,positive,-1,0,1
7,Bien,"Emplacement , petit d√©jeun√©",Chaleur : il faut imp√©rativement fermer la fen√™tre apr√®s le m√©nage ...,"Bien . Emplacement , petit d√©jeun√© . Chaleur : il faut imp√©rativement fermer la fen√™tre apr√®s le m√©nage ...",not_mentioned,positive,positive,0,1,1
10,"Excellent s√©jour, c‚Äôest une adresse que nous retenons pour nos prochains week-end √† Paris.","L‚Äôaccueil du personnel a √©t√© impeccable. Du sourire, de la bonne humeur, de la disponibilit√©. Tout a √©t√© fait pour nous faciliter notre s√©jour. _x000D_
√âgalement l‚Äôemplacement de l‚Äôh√¥tel est id√©al.",Il y avait des gens un peu bruyant la nuit dans la rue.,"Excellent s√©jour, c‚Äôest une adresse que nous retenons pour nos prochains week-end √† Paris. . L‚Äôaccueil du personnel a √©t√© impeccable. Du sourire, de la bonne humeur, de la disponibilit√©. Tout a √©t√© fait pour nous faciliter notre s√©jour. _x000D_
√âgalement l‚Äôemplacement de l‚Äôh√¥tel est id√©al. . Il y avait des gens un peu bruyant la nuit dans la rue.",not_mentioned,positive,positive,0,1,1
8,"Emplacement en face de la bouche de m√©tro, bon petit d√©jeuner, personnel sympa.",Emplacement top,Un peu vieillot,"Emplacement en face de la bouche de m√©tro, bon petit d√©jeuner, personnel sympa. . Emplacement top . Un peu vieillot",not_mentioned,not_mentioned,positive,0,0,1
6,Agr√©able,Emplacement,Deco vieillotte,Agr√©able . Emplacement . Deco vieillotte,not_mentioned,not_mentioned,positive,0,0,1
9,Un petit h√¥tel super bien situ√©,"Accueil sympathique, emplacement id√©al pour visiter Paris √† pied ou en m√©tro, centr√© et tout pr√®s d'une bouche de m√©tro, calme et confortable. Je recommande vivement.",Rien !,"Un petit h√¥tel super bien situ√© . Accueil sympathique, emplacement id√©al pour visiter Paris √† pied ou en m√©tro, centr√© et tout pr√®s d'une bouche de m√©tro, calme et confortable. Je recommande vivement. . Rien !",not_mentioned,positive,positive,0,1,1
8,Tr√®s bien,"Situation tr√®s central, 5 lignes de metros en face de l'h√¥tel, quartier tr√®s vivant,","Chambre un peu petite mais on n'y reste de toute fa√ßon que tr√®s peu de temps, donc ce n'est pas si important que √ßa","Tr√®s bien . Situation tr√®s central, 5 lignes de metros en face de l'h√¥tel, quartier tr√®s vivant, . Chambre un peu petite mais on n'y reste de toute fa√ßon que tr√®s peu de temps, donc ce n'est pas si important que √ßa",not_mentioned,positive,positive,0,1,1
7,Bien,"emplacement tr√®s bien personnel tr√®s gentil, chambre bien √©quip√©e","le froid malgr√© le chauffage √† fond, chambre mal isol√©e","Bien . emplacement tr√®s bien personnel tr√®s gentil, chambre bien √©quip√©e . le froid malgr√© le chauffage √† fond, chambre mal isol√©e",positive,positive,positive,1,1,1
8,Tr√®s bien,L'emplacement est top. C'est propre c'est calme,Le p√©rit d√©jeuner tr√®s bof bof et basic  prendrais plus avec petit d√©jeuner,Tr√®s bien . L'emplacement est top. C'est propre c'est calme . Le p√©rit d√©jeuner tr√®s bof bof et basic  prendrais plus avec petit d√©jeuner,positive,negative,positive,1,-1,1
7,Chambre propre et modeste.,Chambre modeste mais propre. L'hotel est tr√®s bien situ√©.,L'hotel est cher et le petit d√©jeuner peu copieux.,Chambre propre et modeste. . Chambre modeste mais propre. L'hotel est tr√®s bien situ√©. . L'hotel est cher et le petit d√©jeuner peu copieux.,positive,not_mentioned,positive,1,0,1
8,Parfait pour une nuit,"L‚Äôemplacement, personnel courtois et calme la nuit",Un peu vieillot mais bon rapport qualit√© prix,"Parfait pour une nuit . L‚Äôemplacement, personnel courtois et calme la nuit . Un peu vieillot mais bon rapport qualit√© prix",not_mentioned,negative,positive,0,-1,1
7,Bien,"Bien localis√©, chambre bain refaite tr√®s propre",Rue bruyante,"Bien . Bien localis√©, chambre bain refaite tr√®s propre . Rue bruyante",positive,not_mentioned,positive,1,0,1
8,SUPER !,"Emplacement au c≈ìur de la ville proche de nombreuses attractions et du m√©tro._x000D_
Personnel super sympa et accueillant. Chambre OK suffisant pour 2 jours :).",Lits moyennement confortables et travaux dans la rue le matin (ind√©pendant de l'h√¥tel mais √ßa r√©veille). Prendre boules quies :),"SUPER ! . Emplacement au c≈ìur de la ville proche de nombreuses attractions et du m√©tro._x000D_
Personnel super sympa et accueillant. Chambre OK suffisant pour 2 jours :). . Lits moyennement confortables et travaux dans la rue le matin (ind√©pendant de l'h√¥tel mais √ßa r√©veille). Prendre boules quies :)",not_mentioned,positive,positive,0,1,1
7,Bien,M√©tro en face de l h√¥tel et localisation parfaite pour se balader √† Paris.,Pas de petit d√©jeuner.,Bien . M√©tro en face de l h√¥tel et localisation parfaite pour se balader √† Paris. . Pas de petit d√©jeuner.,not_mentioned,not_mentioned,positive,0,0,1
8,Bien,La proximit√© et la serviabilit√© du personnel,Le petit d√©jeuner est m√©diocre,Bien . La proximit√© et la serviabilit√© du personnel . Le petit d√©jeuner est m√©diocre,not_mentioned,not_mentioned,positive,0,0,1
7,Bien,"L'emplacement, l'accueil, la chambre",Le bruit,"Bien . L'emplacement, l'accueil, la chambre . Le bruit",not_mentioned,not_mentioned,positive,0,0,1
9,Fabuleux,"Vous sortez du metro Chatelet et voil√† c'est l'hotel, tout est proche √† l'hotel et votre visite √† Paris est faite facilement et confortablement.",Une bouilloire de l'eau et des tasses auraient √©t√© parfaites.,"Fabuleux . Vous sortez du metro Chatelet et voil√† c'est l'hotel, tout est proche √† l'hotel et votre visite √† Paris est faite facilement et confortablement. . Une bouilloire de l'eau et des tasses auraient √©t√© parfaites.",not_mentioned,negative,positive,0,-1,1
8,pratique pour 1-2 jours,emplacement parfait,meubles un peu v√©tustes,pratique pour 1-2 jours . emplacement parfait . meubles un peu v√©tustes,positive,not_mentioned,positive,1,0,1
9,S√©jour agr√©able,"accueil excellent, emplacement tr√®s bon","machine eau chaud dans la chambre pour caf√©, lit twin tr√®s peu pr√©sent dans l'h√¥tel","S√©jour agr√©able . accueil excellent, emplacement tr√®s bon . machine eau chaud dans la chambre pour caf√©, lit twin tr√®s peu pr√©sent dans l'h√¥tel",not_mentioned,positive,positive,0,1,1
7,toppp,tr√®s proche,il y‚Äôa beaucoup de bruit,toppp . tr√®s proche . il y‚Äôa beaucoup de bruit,not_mentioned,not_mentioned,positive,0,0,1
8,Tr√®s bien,"Pil poil entre le Louvre, l'√Æle de la cit√© et de beaubourg avec une des sorties de m√©tro de Ch√¢telet qui est juste face √† l'h√¥tel. Boutique, Resto et bar √† proximit√©... Personnel de l'accueil tr√®s sympatique","Pas grand chose si √ßa n'est, que l'h√¥tel aurait besoin d'un petit coup de fraicheur (√ßa reste tout de m√™me tr√®s correct). La nuit du samedi fut tr√®s bruyante dans la rue, mais celle du dimanche et lundi bcp plus calme. Draps de bain changer chaque jour, pq??? Par contre je n'ai eu de nouveau savon ou shampoing/douche... Bizarre üòâ","Tr√®s bien . Pil poil entre le Louvre, l'√Æle de la cit√© et de beaubourg avec une des sorties de m√©tro de Ch√¢telet qui est juste face √† l'h√¥tel. Boutique, Resto et bar √† proximit√©... Personnel de l'accueil tr√®s sympatique . Pas grand chose si √ßa n'est, que l'h√¥tel aurait besoin d'un petit coup de fraicheur (√ßa reste tout de m√™me tr√®s correct). La nuit du samedi fut tr√®s bruyante dans la rue, mais celle du dimanche et lundi bcp plus calme. Draps de bain changer chaque jour, pq??? Par contre je n'ai eu de nouveau savon ou shampoing/douche... Bizarre üòâ",positive,not_mentioned,positive,1,0,1
2,Mal,Emplacement,"Tr√®s petit h√¥tel_x000D_
Chambre tr√®s petite_x000D_
Escalier trop serr√© o√π on ne peut pas monter une petite valise","Mal . Emplacement . Tr√®s petit h√¥tel_x000D_
Chambre tr√®s petite_x000D_
Escalier trop serr√© o√π on ne peut pas monter une petite valise",not_mentioned,negative,positive,0,-1,1
3,Assez m√©diocre,Tr√®s bien plac√©,"Photos non conforme √† la r√©alit√©, plus petit, vieux et us√© que ce que montre les photos.","Assez m√©diocre . Tr√®s bien plac√© . Photos non conforme √† la r√©alit√©, plus petit, vieux et us√© que ce que montre les photos.",negative,negative,positive,-1,-1,1
5,tr√®s bien mais ...,chambre (sanitaires) et espaces communs propres. super localisation,"la fen√™tre de la chambre ne se fermait pas correctement : donc chambre froide et salle d'eau froide, tr√®s bruyant. comme il n'y a pas d'isolation avec l'ext√©rieur tous les bruits de la rue sont dans la chambre. c'est bien dommage.","tr√®s bien mais ... . chambre (sanitaires) et espaces communs propres. super localisation . la fen√™tre de la chambre ne se fermait pas correctement : donc chambre froide et salle d'eau froide, tr√®s bruyant. comme il n'y a pas d'isolation avec l'ext√©rieur tous les bruits de la rue sont dans la chambre. c'est bien dommage.",positive,negative,positive,1,-1,1
8,Tr√®s bien,Emplacement et prix,Deco et entretien,Tr√®s bien . Emplacement et prix . Deco et entretien,not_mentioned,not_mentioned,positive,0,0,1
